{"textures":{"0":"modelengine:entity/horse_spartan"},"elements":[{"from":[6.857143,2.5714283,6.857143],"to":[9.142858,8.285714,9.142858],"rotation":{"angle":0.0,"axis":"y","origin":[5.142857,13.458963,0.8573494]},"faces":{"east":{"uv":[8.125,12.25,8.625,13.5],"rotation":0,"texture":"#0","tintindex":0},"south":{"uv":[8.75,12.25,9.25,13.5],"rotation":0,"texture":"#0","tintindex":0},"north":{"uv":[7.5,12.25,8.0,13.5],"rotation":0,"texture":"#0","tintindex":0},"west":{"uv":[12.0,12.25,12.5,13.5],"rotation":0,"texture":"#0","tintindex":0},"up":{"uv":[8.5,14.75,8.0,14.25],"rotation":0,"texture":"#0","tintindex":0},"down":{"uv":[14.75,8.375,14.25,8.875],"rotation":0,"texture":"#0","tintindex":0}}},{"from":[6.285714,1.4285712,6.285714],"to":[9.714286,2.5714283,9.714286],"rotation":{"angle":0.0,"axis":"y","origin":[5.142857,13.458963,0.8573494]},"faces":{"east":{"uv":[14.25,11.625,15.0,11.875],"rotation":0,"texture":"#0","tintindex":0},"south":{"uv":[14.375,4.75,15.125,5.0],"rotation":0,"texture":"#0","tintindex":0},"north":{"uv":[14.25,11.25,15.0,11.5],"rotation":0,"texture":"#0","tintindex":0},"west":{"uv":[14.25,12.375,15.0,12.625],"rotation":0,"texture":"#0","tintindex":0},"up":{"uv":[13.625,7.0,12.875,6.25],"rotation":0,"texture":"#0","tintindex":0},"down":{"uv":[5.75,13.0,5.0,13.75],"rotation":0,"texture":"#0","tintindex":0}}}],"display":{"head":{"translation":[0.0,-6.4,0.0],"scale":[4.0,4.0,4.0]}}}