{"textures":{"0":"modelengine:entity/horse_spartan"},"elements":[{"from":[6.5714283,-1.5310411,4.701242],"to":[9.428572,1.8975306,7.558385],"rotation":{"angle":-45.0,"axis":"x","origin":[8.0,7.16525,-0.48181152]},"faces":{"east":{"uv":[10.75,13.125,11.375,13.875],"rotation":0,"texture":"#0","tintindex":0},"south":{"uv":[13.25,0.625,13.875,1.375],"rotation":0,"texture":"#0","tintindex":0},"north":{"uv":[10.0,13.125,10.625,13.875],"rotation":0,"texture":"#0","tintindex":0},"west":{"uv":[13.25,5.375,13.875,6.125],"rotation":0,"texture":"#0","tintindex":0},"up":{"uv":[12.5,14.25,11.875,13.625],"rotation":0,"texture":"#0","tintindex":0},"down":{"uv":[9.625,13.75,9.0,14.375],"rotation":0,"texture":"#0","tintindex":0}}}],"display":{"head":{"translation":[0.0,-6.4,0.0],"scale":[4.0,4.0,4.0]}}}