{
	"credit": "Made with Blockbench",
	"parent": "nocsy_drakonin_baby_head3",
	"texture_size": [256, 256],
	"textures": {
		"1": "nocsy/nocsy_drakonin_baby3"
	},
	"elements": [
		{
			"from": [5.5, 3.37388, 5.26377],
			"to": [10.5, 8.37388, 10.26377],
			"rotation": {"angle": 0, "axis": "y", "origin": [8.53, 7.57428, 7.80877]},
			"faces": {
				"north": {"uv": [6.25, 0, 6.875, 0.625], "texture": "#1"},
				"east": {"uv": [6.25, 0.75, 6.875, 1.375], "texture": "#1"},
				"south": {"uv": [6.25, 1.5, 6.875, 2.125], "texture": "#1"},
				"west": {"uv": [6.25, 2.25, 6.875, 2.875], "texture": "#1"},
				"up": {"uv": [6.875, 3.625, 6.25, 3], "texture": "#1"},
				"down": {"uv": [6.875, 3.75, 6.25, 4.375], "texture": "#1"}
			}
		},
		{
			"from": [8, 7.77388, 2.46377],
			"to": [8, 12.77388, 8.46377],
			"rotation": {"angle": 0, "axis": "y", "origin": [8, 12.17388, 6.76377]},
			"faces": {
				"north": {"uv": [6.25, 0, 6.875, 0.625], "texture": "#1"},
				"east": {"uv": [12, 4.25, 11.25, 4.875], "texture": "#1"},
				"south": {"uv": [6.25, 1.5, 6.875, 2.125], "texture": "#1"},
				"west": {"uv": [11.25, 4.25, 12, 4.875], "texture": "#1"},
				"up": {"uv": [11.75, 3.875, 11.125, 3.25], "texture": "#1"},
				"down": {"uv": [6.875, 3.75, 6.25, 4.375], "texture": "#1"}
			}
		},
		{
			"from": [6.5, 7.97388, 4.26377],
			"to": [6.5, 12.97388, 10.26377],
			"rotation": {"angle": -22.5, "axis": "y", "origin": [6, 12.27388, 6.96377]},
			"faces": {
				"north": {"uv": [6.25, 0, 6.875, 0.625], "texture": "#1"},
				"east": {"uv": [11.875, 5.25, 11.125, 5.875], "texture": "#1"},
				"south": {"uv": [6.25, 1.5, 6.875, 2.125], "texture": "#1"},
				"west": {"uv": [11.125, 5.25, 11.875, 5.875], "texture": "#1"},
				"up": {"uv": [11.75, 3.875, 11.125, 3.25], "texture": "#1"},
				"down": {"uv": [6.875, 3.75, 6.25, 4.375], "texture": "#1"}
			}
		},
		{
			"from": [9.5, 7.97388, 4.26377],
			"to": [9.5, 12.97388, 10.26377],
			"rotation": {"angle": 22.5, "axis": "y", "origin": [10, 12.27388, 6.96377]},
			"faces": {
				"north": {"uv": [6.875, 0, 6.25, 0.625], "texture": "#1"},
				"east": {"uv": [11.875, 5.25, 11.125, 5.875], "texture": "#1"},
				"south": {"uv": [6.875, 1.5, 6.25, 2.125], "texture": "#1"},
				"west": {"uv": [11.125, 5.25, 11.875, 5.875], "texture": "#1"},
				"up": {"uv": [11.125, 3.875, 11.75, 3.25], "texture": "#1"},
				"down": {"uv": [6.25, 3.75, 6.875, 4.375], "texture": "#1"}
			}
		},
		{
			"from": [5.11836, -1.24029, 5.26377],
			"to": [5.11836, 2.75971, 10.26377],
			"rotation": {"angle": -22.5, "axis": "z", "origin": [6.85299, 2.10747, 7.76377]},
			"faces": {
				"north": {"uv": [6.25, 0, 6.875, 0.625], "texture": "#1"},
				"east": {"uv": [12.125, 2.375, 11.5, 3], "texture": "#1"},
				"south": {"uv": [6.25, 1.5, 6.875, 2.125], "texture": "#1"},
				"west": {"uv": [11.5, 2.375, 12.125, 3], "texture": "#1"},
				"up": {"uv": [6.875, 3.625, 6.25, 3], "texture": "#1"},
				"down": {"uv": [6.875, 3.75, 6.25, 4.375], "texture": "#1"}
			}
		},
		{
			"from": [10.88164, -1.24029, 5.26377],
			"to": [10.88164, 2.75971, 10.26377],
			"rotation": {"angle": 22.5, "axis": "z", "origin": [9.14701, 2.10747, 7.76377]},
			"faces": {
				"north": {"uv": [6.875, 0, 6.25, 0.625], "texture": "#1"},
				"east": {"uv": [12.125, 2.375, 11.5, 3], "texture": "#1"},
				"south": {"uv": [6.875, 1.5, 6.25, 2.125], "texture": "#1"},
				"west": {"uv": [11.5, 2.375, 12.125, 3], "texture": "#1"},
				"up": {"uv": [6.25, 3.625, 6.875, 3], "texture": "#1"},
				"down": {"uv": [6.25, 3.75, 6.875, 4.375], "texture": "#1"}
			}
		},
		{
			"from": [5.4265, 4.07388, 5.03477],
			"to": [5.4265, 7.67388, 6.03477],
			"rotation": {"angle": 0, "axis": "y", "origin": [8, 7.77428, 7.80877]},
			"faces": {
				"north": {"uv": [4.5, 10.5, 4.5, 11], "texture": "#1"},
				"east": {"uv": [5, 10.25, 4.875, 10.75], "texture": "#1"},
				"south": {"uv": [0.5, 10.625, 0.5, 11.125], "texture": "#1"},
				"west": {"uv": [10.375, 3, 10.25, 3.5], "texture": "#1"},
				"up": {"uv": [9.375, 2.875, 9.375, 2.75], "texture": "#1"},
				"down": {"uv": [9.375, 3, 9.375, 3.125], "texture": "#1"}
			}
		},
		{
			"from": [5.7255, 4.47388, 5.00977],
			"to": [7.7255, 6.47388, 5.00977],
			"rotation": {"angle": 0, "axis": "y", "origin": [4.66389, 7.77428, 7.50066]},
			"faces": {
				"north": {"uv": [10.5, 5.5, 10.25, 5.75], "texture": "#1"},
				"east": {"uv": [5.75, 10, 5.75, 10.25], "texture": "#1"},
				"south": {"uv": [10.5, 6.75, 10.25, 7], "texture": "#1"},
				"west": {"uv": [8.25, 9.375, 8.25, 9.625], "texture": "#1"},
				"up": {"uv": [10.5, 5.375, 10.75, 5.375], "texture": "#1"},
				"down": {"uv": [10.625, 0, 10.875, 0], "texture": "#1"}
			}
		},
		{
			"from": [5.4255, 4.07388, 5.03477],
			"to": [7.8255, 7.67388, 5.03477],
			"rotation": {"angle": 0, "axis": "y", "origin": [5.26389, 7.77428, 7.50067]},
			"faces": {
				"north": {"uv": [7.25, 7.75, 6.875, 8.25], "texture": "#1"},
				"east": {"uv": [1, 10.625, 1, 11.125], "texture": "#1"},
				"south": {"uv": [6.875, 7.75, 7.25, 8.25], "texture": "#1"},
				"west": {"uv": [0.875, 10.625, 0.875, 11.125], "texture": "#1"},
				"up": {"uv": [10.625, 2.625, 11, 2.625], "texture": "#1"},
				"down": {"uv": [10.625, 2.75, 11, 2.75], "texture": "#1"}
			}
		},
		{
			"from": [5.4255, 6.72612, 6.40013],
			"to": [8.0255, 10.32612, 6.40013],
			"rotation": {"angle": 22.5, "axis": "x", "origin": [6.0755, 10.27388, 5.48477]},
			"faces": {
				"north": {"uv": [11.5, 8.125, 11.125, 8.625], "texture": "#1"},
				"east": {"uv": [1, 10.625, 1, 11.125], "texture": "#1"},
				"south": {"uv": [11.125, 8.125, 11.5, 8.625], "texture": "#1"},
				"west": {"uv": [0.875, 10.625, 0.875, 11.125], "texture": "#1"},
				"up": {"uv": [10.625, 2.625, 11, 2.625], "texture": "#1"},
				"down": {"uv": [10.625, 2.75, 11, 2.75], "texture": "#1"}
			}
		},
		{
			"from": [5.4255, 6.72612, 6.40013],
			"to": [5.4255, 10.32612, 9.00013],
			"rotation": {"angle": 22.5, "axis": "x", "origin": [6.0755, 10.27388, 5.48477]},
			"faces": {
				"north": {"uv": [0.875, 10.625, 0.875, 11.125], "texture": "#1"},
				"east": {"uv": [11.5, 8.125, 11.125, 8.625], "texture": "#1"},
				"south": {"uv": [1, 10.625, 1, 11.125], "texture": "#1"},
				"west": {"uv": [11.125, 8.125, 11.5, 8.625], "texture": "#1"},
				"up": {"uv": [10.625, 2.625, 11, 2.625], "rotation": 90, "texture": "#1"},
				"down": {"uv": [10.625, 2.75, 11, 2.75], "rotation": 270, "texture": "#1"}
			}
		},
		{
			"from": [7.9745, 6.72612, 6.40013],
			"to": [10.5745, 10.32612, 6.40013],
			"rotation": {"angle": 22.5, "axis": "x", "origin": [9.9245, 10.27388, 5.48477]},
			"faces": {
				"north": {"uv": [11.125, 8.125, 11.5, 8.625], "texture": "#1"},
				"east": {"uv": [0.875, 10.625, 0.875, 11.125], "texture": "#1"},
				"south": {"uv": [11.5, 8.125, 11.125, 8.625], "texture": "#1"},
				"west": {"uv": [1, 10.625, 1, 11.125], "texture": "#1"},
				"up": {"uv": [11, 2.625, 10.625, 2.625], "texture": "#1"},
				"down": {"uv": [11, 2.75, 10.625, 2.75], "texture": "#1"}
			}
		},
		{
			"from": [10.5745, 6.72612, 6.40013],
			"to": [10.5745, 10.32612, 9.00013],
			"rotation": {"angle": 22.5, "axis": "x", "origin": [9.9245, 10.27388, 5.48477]},
			"faces": {
				"north": {"uv": [0.875, 10.625, 0.875, 11.125], "texture": "#1"},
				"east": {"uv": [11.5, 8.125, 11.125, 8.625], "texture": "#1"},
				"south": {"uv": [1, 10.625, 1, 11.125], "texture": "#1"},
				"west": {"uv": [11.125, 8.125, 11.5, 8.625], "texture": "#1"},
				"up": {"uv": [10.625, 2.625, 11, 2.625], "rotation": 90, "texture": "#1"},
				"down": {"uv": [10.625, 2.75, 11, 2.75], "rotation": 270, "texture": "#1"}
			}
		},
		{
			"from": [8.8495, 6.72612, 6.40013],
			"to": [8.8495, 10.32612, 9.00013],
			"rotation": {"angle": 22.5, "axis": "x", "origin": [9.3245, 10.27388, 5.48477]},
			"faces": {
				"north": {"uv": [0.875, 10.625, 0.875, 11.125], "texture": "#1"},
				"east": {"uv": [11.5, 8.125, 11.125, 8.625], "texture": "#1"},
				"south": {"uv": [1, 10.625, 1, 11.125], "texture": "#1"},
				"west": {"uv": [11.125, 8.125, 11.5, 8.625], "texture": "#1"},
				"up": {"uv": [10.625, 2.625, 11, 2.625], "rotation": 90, "texture": "#1"},
				"down": {"uv": [10.625, 2.75, 11, 2.75], "rotation": 270, "texture": "#1"}
			}
		},
		{
			"from": [7.1505, 6.52612, 6.40013],
			"to": [7.1505, 10.12612, 9.00013],
			"rotation": {"angle": 22.5, "axis": "x", "origin": [6.6755, 10.27388, 5.48477]},
			"faces": {
				"north": {"uv": [0.875, 10.625, 0.875, 11.125], "texture": "#1"},
				"east": {"uv": [11.5, 8.125, 11.125, 8.625], "texture": "#1"},
				"south": {"uv": [1, 10.625, 1, 11.125], "texture": "#1"},
				"west": {"uv": [11.125, 8.125, 11.5, 8.625], "texture": "#1"},
				"up": {"uv": [10.625, 2.625, 11, 2.625], "rotation": 90, "texture": "#1"},
				"down": {"uv": [10.625, 2.75, 11, 2.75], "rotation": 270, "texture": "#1"}
			}
		},
		{
			"from": [5.8255, 6.04888, 4.98477],
			"to": [6.1255, 6.34888, 4.98477],
			"rotation": {"angle": 0, "axis": "y", "origin": [4.66389, 7.77428, 7.50066]},
			"faces": {
				"north": {"uv": [8.625, 4.25, 8.5, 4.375], "texture": "#1"},
				"east": {"uv": [9.5, 0.75, 9.5, 0.875], "texture": "#1"},
				"south": {"uv": [3.25, 8.875, 3.125, 9], "texture": "#1"},
				"west": {"uv": [0.375, 9.5, 0.375, 9.625], "texture": "#1"},
				"up": {"uv": [7.75, 4.375, 7.875, 4.375], "texture": "#1"},
				"down": {"uv": [1.625, 8.25, 1.75, 8.25], "texture": "#1"}
			}
		},
		{
			"from": [9.4745, 6.04888, 4.98477],
			"to": [9.7745, 6.34888, 4.98477],
			"rotation": {"angle": 0, "axis": "y", "origin": [11.33611, 7.77428, 7.50066]},
			"faces": {
				"north": {"uv": [8.5, 4.25, 8.625, 4.375], "texture": "#1"},
				"east": {"uv": [0.375, 9.5, 0.375, 9.625], "texture": "#1"},
				"south": {"uv": [3.125, 8.875, 3.25, 9], "texture": "#1"},
				"west": {"uv": [9.5, 0.75, 9.5, 0.875], "texture": "#1"},
				"up": {"uv": [7.875, 4.375, 7.75, 4.375], "texture": "#1"},
				"down": {"uv": [1.75, 8.25, 1.625, 8.25], "texture": "#1"}
			}
		},
		{
			"from": [8.1745, 4.07388, 5.03477],
			"to": [10.5745, 7.67388, 5.03477],
			"rotation": {"angle": 0, "axis": "y", "origin": [10.73611, 7.77428, 7.50067]},
			"faces": {
				"north": {"uv": [6.875, 7.75, 7.25, 8.25], "texture": "#1"},
				"east": {"uv": [0.875, 10.625, 0.875, 11.125], "texture": "#1"},
				"south": {"uv": [7.25, 7.75, 6.875, 8.25], "texture": "#1"},
				"west": {"uv": [1, 10.625, 1, 11.125], "texture": "#1"},
				"up": {"uv": [11, 2.625, 10.625, 2.625], "texture": "#1"},
				"down": {"uv": [11, 2.75, 10.625, 2.75], "texture": "#1"}
			}
		},
		{
			"from": [8.2745, 4.47388, 5.00977],
			"to": [10.2745, 6.47388, 5.00977],
			"rotation": {"angle": 0, "axis": "y", "origin": [11.33611, 7.77428, 7.50066]},
			"faces": {
				"north": {"uv": [10.25, 5.5, 10.5, 5.75], "texture": "#1"},
				"east": {"uv": [8.25, 9.375, 8.25, 9.625], "texture": "#1"},
				"south": {"uv": [10.25, 6.75, 10.5, 7], "texture": "#1"},
				"west": {"uv": [5.75, 10, 5.75, 10.25], "texture": "#1"},
				"up": {"uv": [10.75, 5.375, 10.5, 5.375], "texture": "#1"},
				"down": {"uv": [10.875, 0, 10.625, 0], "texture": "#1"}
			}
		},
		{
			"from": [10.5735, 4.07388, 5.03477],
			"to": [10.5735, 7.67388, 6.03477],
			"rotation": {"angle": 0, "axis": "y", "origin": [8, 7.77428, 7.80877]},
			"faces": {
				"north": {"uv": [4.5, 10.5, 4.5, 11], "texture": "#1"},
				"east": {"uv": [10.25, 3, 10.375, 3.5], "texture": "#1"},
				"south": {"uv": [0.5, 10.625, 0.5, 11.125], "texture": "#1"},
				"west": {"uv": [4.875, 10.25, 5, 10.75], "texture": "#1"},
				"up": {"uv": [9.375, 2.875, 9.375, 2.75], "texture": "#1"},
				"down": {"uv": [9.375, 3, 9.375, 3.125], "texture": "#1"}
			}
		},
		{
			"from": [3.35118, 5.95529, 7.76457],
			"to": [5.35118, 7.95529, 11.76457],
			"rotation": {"angle": -45, "axis": "y", "origin": [5.82587, 6.25852, 10.31421]},
			"faces": {
				"north": {"uv": [10.25, 7.125, 10.5, 7.375], "texture": "#1"},
				"east": {"uv": [5.375, 9.25, 5.875, 9.5], "texture": "#1"},
				"south": {"uv": [10.25, 7.5, 10.5, 7.75], "texture": "#1"},
				"west": {"uv": [0.5, 9.375, 1, 9.625], "texture": "#1"},
				"up": {"uv": [6.25, 9.75, 6, 9.25], "texture": "#1"},
				"down": {"uv": [8.625, 9.25, 8.375, 9.75], "texture": "#1"}
			}
		},
		{
			"from": [4.46659, 5.53711, 9.73225],
			"to": [4.46659, 8.23711, 13.73225],
			"rotation": {"angle": 0, "axis": "y", "origin": [5.82587, 6.25852, 10.31421]},
			"faces": {
				"north": {"uv": [1.375, 10.625, 1.375, 11], "texture": "#1"},
				"east": {"uv": [0, 7.125, 0.5, 7.5], "texture": "#1"},
				"south": {"uv": [2.875, 10.625, 2.875, 11], "texture": "#1"},
				"west": {"uv": [7.875, 5.875, 8.375, 6.25], "texture": "#1"},
				"up": {"uv": [3, 11.125, 3, 10.625], "texture": "#1"},
				"down": {"uv": [10.625, 3, 10.625, 3.5], "texture": "#1"}
			}
		},
		{
			"from": [3.00708, 6.86016, 9.57274],
			"to": [5.80708, 6.86016, 13.57274],
			"rotation": {"angle": 0, "axis": "y", "origin": [5.82587, 6.25852, 10.31421]},
			"faces": {
				"north": {"uv": [3.375, 10.625, 3.75, 10.625], "texture": "#1"},
				"east": {"uv": [10.625, 5, 11.125, 5], "texture": "#1"},
				"south": {"uv": [5.125, 10.625, 5.5, 10.625], "texture": "#1"},
				"west": {"uv": [10.625, 5.125, 11.125, 5.125], "texture": "#1"},
				"up": {"uv": [8.25, 7.625, 7.875, 7.125], "texture": "#1"},
				"down": {"uv": [8.25, 7.75, 7.875, 8.25], "texture": "#1"}
			}
		},
		{
			"from": [10.64882, 5.95529, 7.76457],
			"to": [12.64882, 7.95529, 11.76457],
			"rotation": {"angle": 45, "axis": "y", "origin": [10.17413, 6.25852, 10.31421]},
			"faces": {
				"north": {"uv": [10.5, 7.125, 10.25, 7.375], "texture": "#1"},
				"east": {"uv": [1, 9.375, 0.5, 9.625], "texture": "#1"},
				"south": {"uv": [10.5, 7.5, 10.25, 7.75], "texture": "#1"},
				"west": {"uv": [5.875, 9.25, 5.375, 9.5], "texture": "#1"},
				"up": {"uv": [6, 9.75, 6.25, 9.25], "texture": "#1"},
				"down": {"uv": [8.375, 9.25, 8.625, 9.75], "texture": "#1"}
			}
		},
		{
			"from": [11.53341, 5.53711, 9.73225],
			"to": [11.53341, 8.23711, 13.73225],
			"rotation": {"angle": 0, "axis": "y", "origin": [10.17413, 6.25852, 10.31421]},
			"faces": {
				"north": {"uv": [1.375, 10.625, 1.375, 11], "texture": "#1"},
				"east": {"uv": [8.375, 5.875, 7.875, 6.25], "texture": "#1"},
				"south": {"uv": [2.875, 10.625, 2.875, 11], "texture": "#1"},
				"west": {"uv": [0.5, 7.125, 0, 7.5], "texture": "#1"},
				"up": {"uv": [3, 11.125, 3, 10.625], "texture": "#1"},
				"down": {"uv": [10.625, 3, 10.625, 3.5], "texture": "#1"}
			}
		},
		{
			"from": [10.19292, 6.86016, 9.57274],
			"to": [12.99292, 6.86016, 13.57274],
			"rotation": {"angle": 0, "axis": "y", "origin": [10.17413, 6.25852, 10.31421]},
			"faces": {
				"north": {"uv": [3.75, 10.625, 3.375, 10.625], "texture": "#1"},
				"east": {"uv": [11.125, 5.125, 10.625, 5.125], "texture": "#1"},
				"south": {"uv": [5.5, 10.625, 5.125, 10.625], "texture": "#1"},
				"west": {"uv": [11.125, 5, 10.625, 5], "texture": "#1"},
				"up": {"uv": [7.875, 7.625, 8.25, 7.125], "texture": "#1"},
				"down": {"uv": [7.875, 7.75, 8.25, 8.25], "texture": "#1"}
			}
		},
		{
			"from": [6.6, 4.37936, 3.02903],
			"to": [9.4, 6.17936, 5.82903],
			"rotation": {"angle": 0, "axis": "y", "origin": [7.4, 7.27936, 4.02903]},
			"faces": {
				"north": {"uv": [9.75, 6.75, 10.125, 7], "texture": "#1"},
				"east": {"uv": [9.75, 7.125, 10.125, 7.375], "texture": "#1"},
				"south": {"uv": [9.75, 7.5, 10.125, 7.75], "texture": "#1"},
				"west": {"uv": [9.75, 7.875, 10.125, 8.125], "texture": "#1"},
				"up": {"uv": [9, 2.125, 8.625, 1.75], "texture": "#1"},
				"down": {"uv": [9, 2.25, 8.625, 2.625], "texture": "#1"}
			}
		},
		{
			"from": [9.26194, 2.55649, 2.21482],
			"to": [9.26194, 5.55649, 5.21482],
			"rotation": {"angle": -45, "axis": "x", "origin": [9.56194, 5.4707, 4.72903]},
			"faces": {
				"north": {"uv": [10.125, 6.75, 9.75, 7], "texture": "#1"},
				"east": {"uv": [11.375, 7.375, 11, 7.75], "texture": "#1"},
				"south": {"uv": [10.125, 7.5, 9.75, 7.75], "texture": "#1"},
				"west": {"uv": [11, 7.375, 11.375, 7.75], "texture": "#1"},
				"up": {"uv": [8.625, 2.125, 9, 1.75], "texture": "#1"},
				"down": {"uv": [8.625, 2.25, 9, 2.625], "texture": "#1"}
			}
		},
		{
			"from": [6.73806, 2.55649, 2.21482],
			"to": [6.73806, 5.55649, 5.21482],
			"rotation": {"angle": -45, "axis": "x", "origin": [6.43806, 5.4707, 4.72903]},
			"faces": {
				"north": {"uv": [9.75, 6.75, 10.125, 7], "texture": "#1"},
				"east": {"uv": [11.375, 7.375, 11, 7.75], "texture": "#1"},
				"south": {"uv": [9.75, 7.5, 10.125, 7.75], "texture": "#1"},
				"west": {"uv": [11, 7.375, 11.375, 7.75], "texture": "#1"},
				"up": {"uv": [9, 2.125, 8.625, 1.75], "texture": "#1"},
				"down": {"uv": [9, 2.25, 8.625, 2.625], "texture": "#1"}
			}
		},
		{
			"from": [7, 3.55351, 3.33499],
			"to": [9, 5.55351, 6.33499],
			"rotation": {"angle": 0, "axis": "y", "origin": [7.29, 6.08391, 4.91599]},
			"faces": {
				"north": {"uv": [10.25, 8.625, 10.5, 8.875], "texture": "#1"},
				"east": {"uv": [9.75, 8.25, 10.125, 8.5], "texture": "#1"},
				"south": {"uv": [10.25, 9.25, 10.5, 9.5], "texture": "#1"},
				"west": {"uv": [9.75, 8.625, 10.125, 8.875], "texture": "#1"},
				"up": {"uv": [5.25, 10.125, 5, 9.75], "texture": "#1"},
				"down": {"uv": [10, 9, 9.75, 9.375], "texture": "#1"}
			}
		}
	],
	"display": {
		"thirdperson_righthand": {
			"rotation": [51.75, -18.94, 1.82],
			"scale": [0.6, 0.6, 0.6]
		},
		"thirdperson_lefthand": {
			"rotation": [51.75, -18.94, 1.82],
			"scale": [0.6, 0.6, 0.6]
		},
		"firstperson_righthand": {
			"rotation": [0, 24, -17.25],
			"translation": [3, 0, 0.75],
			"scale": [0.8, 0.8, 0.8]
		},
		"firstperson_lefthand": {
			"rotation": [0, 24, -17.25],
			"translation": [3, 0, 0.75],
			"scale": [0.8, 0.8, 0.8]
		},
		"gui": {
			"rotation": [-172.74, 52.95, 177.31],
			"translation": [-1, 2, 0],
			"scale": [1.4, 1.4, 1.4]
		},
		"head": {
			"rotation": [24.75, 0, 0],
			"translation": [0, 2, 4.75],
			"scale": [2.3, 2.3, 2.3]
		}
	},
	"groups": [
		{
			"name": "h_head",
			"origin": [8, 6.00218, 8.07776],
			"rotation": [-26.5, 0, 0],
			"color": 0,
			"children": [
				0,
				1,
				2,
				3,
				4,
				5,
				6,
				7,
				8,
				9,
				10,
				11,
				12,
				13,
				14,
				15,
				16,
				17,
				18,
				19,
				{
					"name": "h_horn_left",
					"origin": [6.076, 9.24965, 7.99234],
					"rotation": [-36.84422, -49.36091, 25.44568],
					"color": 0,
					"children": [20, 21, 22]
				},
				{
					"name": "h_horn_left",
					"origin": [6.076, 9.24965, 7.99234],
					"rotation": [-36.84422, -49.36091, 25.44568],
					"color": 0,
					"children": [23, 24, 25]
				},
				26,
				27,
				28,
				29
			]
		}
	]
}