{
	"credit": "Made with Blockbench",
	"parent": "nocsy_drakonin_head6",
	"texture_size": [256, 256],
	"textures": {
		"1": "nocsy/nocsy_drakonin6"
	},
	"elements": [
		{
			"from": [10.69092, -1.15715, 2.50093],
			"to": [10.69092, 2.84285, 10.50093],
			"rotation": {"angle": 22.5, "axis": "z", "origin": [11.85628, 3.7906, 6.50093]},
			"faces": {
				"north": {"uv": [3.0625, 9, 3.0625, 9.25], "texture": "#1"},
				"east": {"uv": [0.5, 8.25, 1, 8.5], "texture": "#1"},
				"south": {"uv": [3.125, 9, 3.125, 9.25], "texture": "#1"},
				"west": {"uv": [1.0625, 8.25, 1.5625, 8.5], "texture": "#1"},
				"up": {"uv": [4.25, 10.75, 4.25, 10.25], "texture": "#1"},
				"down": {"uv": [1.8125, 10.3125, 1.8125, 10.8125], "texture": "#1"}
			}
		},
		{
			"from": [2.14232, 4.46902, 7.50093],
			"to": [6.14232, 8.46902, 12.50093],
			"rotation": {"angle": -22.5, "axis": "y", "origin": [4.14232, 6.46902, 10.00093]},
			"faces": {
				"north": {"uv": [3, 9.8125, 3.25, 10.0625], "texture": "#1"},
				"east": {"uv": [9.3125, 5.1875, 9.625, 5.4375], "texture": "#1"},
				"south": {"uv": [3.3125, 9.8125, 3.5625, 10.0625], "texture": "#1"},
				"west": {"uv": [9.3125, 7.875, 9.625, 8.125], "texture": "#1"},
				"up": {"uv": [9.125, 9.625, 8.875, 9.3125], "texture": "#1"},
				"down": {"uv": [9.4375, 9.3125, 9.1875, 9.625], "texture": "#1"}
			}
		},
		{
			"from": [1.72221, 5.44878, 11.30093],
			"to": [4.72221, 8.44878, 15.30093],
			"rotation": {"angle": 22.5, "axis": "z", "origin": [4.54232, 7.96902, 12.00093]},
			"faces": {
				"north": {"uv": [10.125, 4.6875, 10.3125, 4.875], "texture": "#1"},
				"east": {"uv": [0.5625, 9.3125, 1, 9.5], "texture": "#1"},
				"south": {"uv": [10.125, 6.375, 10.3125, 6.5625], "texture": "#1"},
				"west": {"uv": [1.25, 9.3125, 1.5, 9.5], "texture": "#1"},
				"up": {"uv": [1.75, 9.5625, 1.5625, 9.3125], "texture": "#1"},
				"down": {"uv": [2, 9.3125, 1.8125, 9.75], "texture": "#1"}
			}
		},
		{
			"from": [3.70722, 4.43796, 14.40002],
			"to": [3.70722, 11.43796, 21.40002],
			"rotation": {"angle": -22.5, "axis": "x", "origin": [5.3599, 7.47903, 17.92669]},
			"faces": {
				"north": {"uv": [1.875, 10.3125, 1.875, 10.75], "texture": "#1"},
				"east": {"uv": [6.375, 7, 6.8125, 7.4375], "texture": "#1"},
				"south": {"uv": [1.9375, 10.3125, 1.9375, 10.75], "texture": "#1"},
				"west": {"uv": [7.375, 5.75, 7.8125, 6.1875], "texture": "#1"},
				"up": {"uv": [4.6875, 10.75, 4.6875, 10.3125], "texture": "#1"},
				"down": {"uv": [4.75, 10.3125, 4.75, 10.75], "texture": "#1"}
			}
		},
		{
			"from": [0.31259, 7.90809, 14.40002],
			"to": [7.31259, 7.90809, 21.40002],
			"rotation": {"angle": -22.5, "axis": "x", "origin": [5.3599, 7.47903, 17.92669]},
			"faces": {
				"north": {"uv": [8.1875, 4.125, 8.625, 4.125], "texture": "#1"},
				"east": {"uv": [8.3125, 1.375, 8.75, 1.375], "texture": "#1"},
				"south": {"uv": [8.6875, 4.125, 9.125, 4.125], "texture": "#1"},
				"west": {"uv": [8.8125, 1.375, 9.25, 1.375], "texture": "#1"},
				"up": {"uv": [7.8125, 6.6875, 7.375, 6.25], "texture": "#1"},
				"down": {"uv": [7.8125, 6.75, 7.375, 7.1875], "texture": "#1"}
			}
		},
		{
			"from": [9.85768, 4.46902, 7.50093],
			"to": [13.85768, 8.46902, 12.50093],
			"rotation": {"angle": 22.5, "axis": "y", "origin": [11.85768, 6.46902, 10.00093]},
			"faces": {
				"north": {"uv": [3.25, 9.8125, 3, 10.0625], "texture": "#1"},
				"east": {"uv": [9.625, 7.875, 9.3125, 8.125], "texture": "#1"},
				"south": {"uv": [3.5625, 9.8125, 3.3125, 10.0625], "texture": "#1"},
				"west": {"uv": [9.625, 5.1875, 9.3125, 5.4375], "texture": "#1"},
				"up": {"uv": [8.875, 9.625, 9.125, 9.3125], "texture": "#1"},
				"down": {"uv": [9.1875, 9.3125, 9.4375, 9.625], "texture": "#1"}
			}
		},
		{
			"from": [11.27779, 5.44878, 11.30093],
			"to": [14.27779, 8.44878, 15.30093],
			"rotation": {"angle": -22.5, "axis": "z", "origin": [11.45768, 7.96902, 12.00093]},
			"faces": {
				"north": {"uv": [10.3125, 4.6875, 10.125, 4.875], "texture": "#1"},
				"east": {"uv": [1.5, 9.3125, 1.25, 9.5], "texture": "#1"},
				"south": {"uv": [10.3125, 6.375, 10.125, 6.5625], "texture": "#1"},
				"west": {"uv": [1, 9.3125, 0.5625, 9.5], "texture": "#1"},
				"up": {"uv": [1.5625, 9.5625, 1.75, 9.3125], "texture": "#1"},
				"down": {"uv": [1.8125, 9.3125, 2, 9.75], "texture": "#1"}
			}
		},
		{
			"from": [12.29278, 4.43796, 14.40002],
			"to": [12.29278, 11.43796, 21.40002],
			"rotation": {"angle": -22.5, "axis": "x", "origin": [10.6401, 7.47903, 17.92669]},
			"faces": {
				"north": {"uv": [1.875, 10.3125, 1.875, 10.75], "texture": "#1"},
				"east": {"uv": [7.8125, 5.75, 7.375, 6.1875], "texture": "#1"},
				"south": {"uv": [1.9375, 10.3125, 1.9375, 10.75], "texture": "#1"},
				"west": {"uv": [6.8125, 7, 6.375, 7.4375], "texture": "#1"},
				"up": {"uv": [4.6875, 10.75, 4.6875, 10.3125], "texture": "#1"},
				"down": {"uv": [4.75, 10.3125, 4.75, 10.75], "texture": "#1"}
			}
		},
		{
			"from": [8.68741, 7.90809, 14.40002],
			"to": [15.68741, 7.90809, 21.40002],
			"rotation": {"angle": -22.5, "axis": "x", "origin": [10.6401, 7.47903, 17.92669]},
			"faces": {
				"north": {"uv": [8.625, 4.125, 8.1875, 4.125], "texture": "#1"},
				"east": {"uv": [9.25, 1.375, 8.8125, 1.375], "texture": "#1"},
				"south": {"uv": [9.125, 4.125, 8.6875, 4.125], "texture": "#1"},
				"west": {"uv": [8.75, 1.375, 8.3125, 1.375], "texture": "#1"},
				"up": {"uv": [7.375, 6.6875, 7.8125, 6.25], "texture": "#1"},
				"down": {"uv": [7.375, 6.75, 7.8125, 7.1875], "texture": "#1"}
			}
		},
		{
			"from": [4.14232, 2.46902, 2.50093],
			"to": [11.14232, 8.46902, 11.50093],
			"rotation": {"angle": 0, "axis": "y", "origin": [7.64232, 7.11902, 6.60715]},
			"faces": {
				"north": {"uv": [7.6875, 3.75, 8.125, 4.125], "texture": "#1"},
				"east": {"uv": [7.1875, 1.125, 7.75, 1.5], "texture": "#1"},
				"south": {"uv": [7.375, 7.75, 7.8125, 8.125], "texture": "#1"},
				"west": {"uv": [7.3125, 1.5625, 7.875, 1.9375], "texture": "#1"},
				"up": {"uv": [6.8125, 6.9375, 6.375, 6.375], "texture": "#1"},
				"down": {"uv": [7.125, 1.125, 6.6875, 1.6875], "texture": "#1"}
			}
		},
		{
			"from": [3.64232, 1.86902, 2.80093],
			"to": [11.64232, 4.86902, 7.80093],
			"rotation": {"angle": 0, "axis": "y", "origin": [8.14232, 7.11902, 6.60715]},
			"faces": {
				"north": {"uv": [8.9375, 8.5625, 9.4375, 8.75], "texture": "#1"},
				"east": {"uv": [4.8125, 9.8125, 5.125, 10], "texture": "#1"},
				"south": {"uv": [8.9375, 8.8125, 9.4375, 9], "texture": "#1"},
				"west": {"uv": [5.1875, 9.8125, 5.5, 10], "texture": "#1"},
				"up": {"uv": [1, 8.1875, 0.5, 7.875], "texture": "#1"},
				"down": {"uv": [1.5625, 7.875, 1.0625, 8.1875], "texture": "#1"}
			}
		},
		{
			"from": [7.64232, 7.76902, 0.81794],
			"to": [7.64232, 16.76902, 13.81794],
			"rotation": {"angle": 0, "axis": "y", "origin": [9.94232, 14.96902, 10.31794]},
			"faces": {
				"north": {"uv": [5.0625, 10.3125, 5.0625, 10.875], "texture": "#1"},
				"east": {"uv": [5.5, 2.625, 6.3125, 3.1875], "texture": "#1"},
				"south": {"uv": [5.125, 10.3125, 5.125, 10.875], "texture": "#1"},
				"west": {"uv": [5.5, 3.25, 6.3125, 3.8125], "texture": "#1"},
				"up": {"uv": [5.1875, 11.125, 5.1875, 10.3125], "texture": "#1"},
				"down": {"uv": [5.25, 10.3125, 5.25, 11.125], "texture": "#1"}
			}
		},
		{
			"from": [5.64232, 6.76902, 2.81794],
			"to": [5.64232, 15.76902, 15.81794],
			"rotation": {"angle": -22.5, "axis": "y", "origin": [7.64232, 14.26902, 7.31794]},
			"faces": {
				"north": {"uv": [5.3125, 10.3125, 5.3125, 10.875], "texture": "#1"},
				"east": {"uv": [5.5, 3.875, 6.3125, 4.4375], "texture": "#1"},
				"south": {"uv": [5.375, 10.3125, 5.375, 10.875], "texture": "#1"},
				"west": {"uv": [5.5, 4.5, 6.3125, 5.0625], "texture": "#1"},
				"up": {"uv": [5.5625, 11.125, 5.5625, 10.3125], "texture": "#1"},
				"down": {"uv": [5.625, 10.3125, 5.625, 11.125], "texture": "#1"}
			}
		},
		{
			"from": [9.64232, 6.76902, 2.81794],
			"to": [9.64232, 15.76902, 15.81794],
			"rotation": {"angle": 22.5, "axis": "y", "origin": [7.64232, 14.26902, 7.31794]},
			"faces": {
				"north": {"uv": [5.6875, 10.3125, 5.6875, 10.875], "texture": "#1"},
				"east": {"uv": [5.875, 5.125, 6.6875, 5.6875], "texture": "#1"},
				"south": {"uv": [5.75, 10.3125, 5.75, 10.875], "texture": "#1"},
				"west": {"uv": [5.875, 5.75, 6.6875, 6.3125], "texture": "#1"},
				"up": {"uv": [5.8125, 11.125, 5.8125, 10.3125], "texture": "#1"},
				"down": {"uv": [5.875, 10.3125, 5.875, 11.125], "texture": "#1"}
			}
		},
		{
			"from": [3.63232, 8.43761, 2.21543],
			"to": [11.65232, 10.45761, 6.23543],
			"rotation": {"angle": -22.5, "axis": "x", "origin": [8.14232, 6.99537, 7.89079]},
			"faces": {
				"north": {"uv": [9.5, 3.1875, 10, 3.3125], "texture": "#1"},
				"east": {"uv": [10.125, 3, 10.375, 3.125], "texture": "#1"},
				"south": {"uv": [9.5625, 0.625, 10.0625, 0.75], "texture": "#1"},
				"west": {"uv": [10.1875, 1.25, 10.4375, 1.375], "texture": "#1"},
				"up": {"uv": [5.125, 8.5625, 4.625, 8.3125], "texture": "#1"},
				"down": {"uv": [8, 8.3125, 7.5, 8.5625], "texture": "#1"}
			}
		},
		{
			"from": [3.64232, 7.04857, 5.07018],
			"to": [11.64232, 9.04857, 9.07018],
			"rotation": {"angle": 22.5, "axis": "x", "origin": [7.64232, 9.39633, 6.30481]},
			"faces": {
				"north": {"uv": [9.5625, 3.8125, 10.0625, 3.9375], "texture": "#1"},
				"east": {"uv": [10.25, 4, 10.5, 4.125], "texture": "#1"},
				"south": {"uv": [9.5625, 8.25, 10.0625, 8.375], "texture": "#1"},
				"west": {"uv": [10.25, 7.625, 10.5, 7.75], "texture": "#1"},
				"up": {"uv": [8.8125, 8.125, 8.3125, 7.875], "texture": "#1"},
				"down": {"uv": [8.5625, 8.3125, 8.0625, 8.5625], "texture": "#1"}
			}
		},
		{
			"from": [4.09232, 2.96902, 2.42593],
			"to": [6.09232, 9.96902, 2.42593],
			"rotation": {"angle": 0, "axis": "y", "origin": [7.59232, 7.11902, 6.53215]},
			"faces": {
				"north": {"uv": [7.5, 9.375, 7.625, 9.8125], "texture": "#1"},
				"east": {"uv": [5.9375, 10.3125, 5.9375, 10.75], "texture": "#1"},
				"south": {"uv": [0.3125, 9.8125, 0.4375, 10.25], "texture": "#1"},
				"west": {"uv": [6, 10.3125, 6, 10.75], "texture": "#1"},
				"up": {"uv": [5.625, 5.125, 5.5, 5.125], "texture": "#1"},
				"down": {"uv": [5.625, 5.1875, 5.5, 5.1875], "texture": "#1"}
			}
		},
		{
			"from": [4.39232, 3.36902, 2.32593],
			"to": [4.99232, 7.26902, 2.32593],
			"rotation": {"angle": 0, "axis": "y", "origin": [7.59232, 7.11902, 6.53215]},
			"faces": {
				"north": {"uv": [5.875, 7.5625, 5.9375, 7.8125], "texture": "#1"},
				"east": {"uv": [8.25, 9.3125, 8.25, 9.5625], "texture": "#1"},
				"south": {"uv": [2.375, 8.125, 2.4375, 8.375], "texture": "#1"},
				"west": {"uv": [10.3125, 4.9375, 10.3125, 5.1875], "texture": "#1"},
				"up": {"uv": [5.75, 5.125, 5.6875, 5.125], "texture": "#1"},
				"down": {"uv": [5.75, 5.1875, 5.6875, 5.1875], "texture": "#1"}
			}
		},
		{
			"from": [10.29232, 3.36902, 2.32593],
			"to": [10.89232, 7.26902, 2.32593],
			"rotation": {"angle": 0, "axis": "y", "origin": [7.69232, 7.11902, 6.53215]},
			"faces": {
				"north": {"uv": [5.9375, 7.5625, 5.875, 7.8125], "texture": "#1"},
				"east": {"uv": [10.3125, 4.9375, 10.3125, 5.1875], "texture": "#1"},
				"south": {"uv": [2.4375, 8.125, 2.375, 8.375], "texture": "#1"},
				"west": {"uv": [8.25, 9.3125, 8.25, 9.5625], "texture": "#1"},
				"up": {"uv": [5.6875, 5.125, 5.75, 5.125], "texture": "#1"},
				"down": {"uv": [5.6875, 5.1875, 5.75, 5.1875], "texture": "#1"}
			}
		},
		{
			"from": [4.09232, 2.96902, 2.42593],
			"to": [4.09232, 9.96902, 5.42593],
			"rotation": {"angle": 0, "axis": "y", "origin": [7.64232, 7.11902, 6.60715]},
			"faces": {
				"north": {"uv": [6.1875, 10.3125, 6.1875, 10.75], "texture": "#1"},
				"east": {"uv": [9.3125, 3.5, 9.5, 3.9375], "texture": "#1"},
				"south": {"uv": [6.25, 10.3125, 6.25, 10.75], "texture": "#1"},
				"west": {"uv": [3.5625, 9.3125, 3.75, 9.75], "texture": "#1"},
				"up": {"uv": [5.8125, 6.3125, 5.8125, 6.125], "texture": "#1"},
				"down": {"uv": [6.125, 8.5, 6.125, 8.6875], "texture": "#1"}
			}
		},
		{
			"from": [11.19232, 2.96902, 2.42593],
			"to": [11.19232, 9.96902, 5.42593],
			"rotation": {"angle": 0, "axis": "y", "origin": [7.64232, 7.11902, 6.60715]},
			"faces": {
				"north": {"uv": [6.3125, 10.3125, 6.3125, 10.75], "texture": "#1"},
				"east": {"uv": [3.8125, 9.3125, 4, 9.75], "texture": "#1"},
				"south": {"uv": [6.375, 10.3125, 6.375, 10.75], "texture": "#1"},
				"west": {"uv": [9.3125, 4.4375, 9.5, 4.875], "texture": "#1"},
				"up": {"uv": [6.1875, 8.6875, 6.1875, 8.5], "texture": "#1"},
				"down": {"uv": [7.125, 8.6875, 7.125, 8.875], "texture": "#1"}
			}
		},
		{
			"from": [9.19232, 2.96902, 2.42593],
			"to": [11.19232, 9.96902, 2.42593],
			"rotation": {"angle": 0, "axis": "y", "origin": [7.69232, 7.11902, 6.53215]},
			"faces": {
				"north": {"uv": [1.8125, 9.8125, 1.9375, 10.25], "texture": "#1"},
				"east": {"uv": [6.4375, 10.3125, 6.4375, 10.75], "texture": "#1"},
				"south": {"uv": [5.5625, 9.8125, 5.6875, 10.25], "texture": "#1"},
				"west": {"uv": [6.5, 10.3125, 6.5, 10.75], "texture": "#1"},
				"up": {"uv": [5.125, 6.8125, 5, 6.8125], "texture": "#1"},
				"down": {"uv": [5, 6.875, 4.875, 6.875], "texture": "#1"}
			}
		},
		{
			"from": [5.44232, -2.83098, -2.19907],
			"to": [5.44232, 4.16902, 6.80093],
			"rotation": {"angle": 0, "axis": "y", "origin": [7.64232, 2.66902, 1.60093]},
			"faces": {
				"north": {"uv": [6.5625, 10.3125, 6.5625, 10.75], "texture": "#1"},
				"east": {"uv": [6.6875, 1.75, 7.25, 2.1875], "texture": "#1"},
				"south": {"uv": [6.625, 10.3125, 6.625, 10.75], "texture": "#1"},
				"west": {"uv": [6.75, 4.75, 7.3125, 5.1875], "texture": "#1"},
				"up": {"uv": [6.6875, 10.875, 6.6875, 10.3125], "texture": "#1"},
				"down": {"uv": [6.875, 10.3125, 6.875, 10.875], "texture": "#1"}
			}
		},
		{
			"from": [9.84232, -2.13098, -2.19907],
			"to": [9.84232, 4.86902, 6.80093],
			"rotation": {"angle": 0, "axis": "y", "origin": [7.64232, 3.36902, 1.60093]},
			"faces": {
				"north": {"uv": [6.9375, 10.3125, 6.9375, 10.75], "texture": "#1"},
				"east": {"uv": [6.75, 5.25, 7.3125, 5.6875], "texture": "#1"},
				"south": {"uv": [7, 10.3125, 7, 10.75], "texture": "#1"},
				"west": {"uv": [6.75, 5.75, 7.3125, 6.1875], "texture": "#1"},
				"up": {"uv": [7.0625, 10.875, 7.0625, 10.3125], "texture": "#1"},
				"down": {"uv": [7.125, 10.3125, 7.125, 10.875], "texture": "#1"}
			}
		},
		{
			"from": [5.14232, 3.50262, -3.35206],
			"to": [10.14232, 5.50262, 3.64794],
			"rotation": {"angle": 0, "axis": "y", "origin": [8.14232, 7.00262, 1.14794]},
			"faces": {
				"north": {"uv": [6, 7.3125, 6.3125, 7.4375], "texture": "#1"},
				"east": {"uv": [9.6875, 1.25, 10.125, 1.375], "texture": "#1"},
				"south": {"uv": [10, 0.8125, 10.3125, 0.9375], "texture": "#1"},
				"west": {"uv": [5.75, 9.8125, 6.1875, 9.9375], "texture": "#1"},
				"up": {"uv": [2.8125, 8.375, 2.5, 7.9375], "texture": "#1"},
				"down": {"uv": [3.1875, 7.9375, 2.875, 8.375], "texture": "#1"}
			}
		},
		{
			"from": [5.15232, 3.92813, -1.75653],
			"to": [10.13232, 5.90813, 2.22347],
			"rotation": {"angle": -22.5, "axis": "x", "origin": [7.64232, 7.76589, -0.50117]},
			"faces": {
				"north": {"uv": [10, 5.3125, 10.3125, 5.4375], "texture": "#1"},
				"east": {"uv": [10.25, 7.8125, 10.5, 7.9375], "texture": "#1"},
				"south": {"uv": [10.0625, 2.1875, 10.375, 2.3125], "texture": "#1"},
				"west": {"uv": [10.25, 8, 10.5, 8.125], "texture": "#1"},
				"up": {"uv": [9.8125, 0.5625, 9.5, 0.3125], "texture": "#1"},
				"down": {"uv": [9.8125, 1.9375, 9.5, 2.1875], "texture": "#1"}
			}
		},
		{
			"from": [5.15232, 5.34779, -2.53998],
			"to": [10.13232, 7.32779, -0.55998],
			"rotation": {"angle": -45, "axis": "x", "origin": [8.64232, 5.45201, -0.73577]},
			"faces": {
				"north": {"uv": [10.0625, 2.375, 10.375, 2.5], "texture": "#1"},
				"east": {"uv": [4.6875, 7.875, 4.8125, 8], "texture": "#1"},
				"south": {"uv": [10.0625, 2.5625, 10.375, 2.6875], "texture": "#1"},
				"west": {"uv": [5.6875, 8.3125, 5.8125, 8.4375], "texture": "#1"},
				"up": {"uv": [10.375, 3.3125, 10.0625, 3.1875], "texture": "#1"},
				"down": {"uv": [4.25, 10.0625, 3.9375, 10.1875], "texture": "#1"}
			}
		},
		{
			"from": [5.64232, 1.57874, -2.66938],
			"to": [9.64232, 4.57874, 4.33062],
			"rotation": {"angle": 0, "axis": "y", "origin": [6.14232, 5.22874, 2.13684]},
			"faces": {
				"north": {"uv": [6.25, 9.8125, 6.5, 10], "texture": "#1"},
				"east": {"uv": [4.5, 9.3125, 4.9375, 9.5], "texture": "#1"},
				"south": {"uv": [6.5625, 9.8125, 6.8125, 10], "texture": "#1"},
				"west": {"uv": [9.3125, 4.9375, 9.75, 5.125], "texture": "#1"},
				"up": {"uv": [8.5625, 9.0625, 8.3125, 8.625], "texture": "#1"},
				"down": {"uv": [8.875, 8.5625, 8.625, 9], "texture": "#1"}
			}
		},
		{
			"from": [6.14232, -2.11678, -2.66938],
			"to": [9.14232, 1.88322, -2.66938],
			"rotation": {"angle": -22.5, "axis": "x", "origin": [7.64232, 1.73098, -1.90401]},
			"faces": {
				"north": {"uv": [5.1875, 8.3125, 5.375, 8.5625], "texture": "#1"},
				"east": {"uv": [7.1875, 10.3125, 7.1875, 10.5625], "texture": "#1"},
				"south": {"uv": [7.6875, 9.8125, 7.875, 10.0625], "texture": "#1"},
				"west": {"uv": [7.25, 10.3125, 7.25, 10.5625], "texture": "#1"},
				"up": {"uv": [7.625, 1, 7.4375, 1], "texture": "#1"},
				"down": {"uv": [7.625, 1.0625, 7.4375, 1.0625], "texture": "#1"}
			}
		}
	],
	"display": {
		"thirdperson_righthand": {
			"rotation": [51.75, -18.94, 1.82],
			"scale": [0.6, 0.6, 0.6]
		},
		"thirdperson_lefthand": {
			"rotation": [51.75, -18.94, 1.82],
			"scale": [0.6, 0.6, 0.6]
		},
		"firstperson_righthand": {
			"rotation": [0, 24, -17.25],
			"translation": [3, 0, 0.75],
			"scale": [0.8, 0.8, 0.8]
		},
		"firstperson_lefthand": {
			"rotation": [0, 24, -17.25],
			"translation": [3, 0, 0.75],
			"scale": [0.8, 0.8, 0.8]
		},
		"gui": {
			"rotation": [-172.74, 52.95, 177.31],
			"translation": [0.25, 0.25, 0],
			"scale": [0.8, 0.8, 0.8]
		},
		"head": {
			"rotation": [24.75, 0, 0],
			"translation": [0, 2, 4.75],
			"scale": [2.3, 2.3, 2.3]
		}
	},
	"groups": [
		{
			"name": "h_head",
			"origin": [7.64232, 4.40851, 7.07092],
			"rotation": [-25, 0, 0],
			"color": 0,
			"children": [
				0,
				{
					"name": "horn_left",
					"origin": [3.45307, 8.46902, 10.966],
					"rotation": [-22.79588, -28.02432, 11.17023],
					"color": 0,
					"children": [1, 2, 3, 4]
				},
				{
					"name": "horn_left",
					"origin": [3.45307, 8.46902, 10.966],
					"rotation": [-22.79588, -28.02432, 11.17023],
					"color": 0,
					"children": [5, 6, 7, 8]
				},
				9,
				10,
				11,
				12,
				13,
				14,
				15,
				16,
				17,
				18,
				19,
				20,
				21,
				22,
				23,
				24,
				25,
				26,
				27,
				28
			]
		}
	]
}