{"textures":{"0":"modelengine:entity/phantom_ender"},"elements":[{"from":[3.7142854,5.714286,1.0476184],"to":[12.285715,8.571428,8.476191],"rotation":{"angle":0.0,"axis":"y","origin":[8.0,10.513028,26.619047]},"faces":{"east":{"uv":[7.0625,6.5625,7.875,6.875],"rotation":0,"texture":"#0","tintindex":0},"south":{"uv":[6.8125,3.75,7.75,4.0625],"rotation":0,"texture":"#0","tintindex":0},"north":{"uv":[0.0,6.8125,0.9375,7.125],"rotation":0,"texture":"#0","tintindex":0},"west":{"uv":[7.0625,6.9375,7.875,7.25],"rotation":0,"texture":"#0","tintindex":0},"up":{"uv":[2.0625,6.8125,1.125,6.0],"rotation":0,"texture":"#0","tintindex":0},"down":{"uv":[7.0625,0.0,6.125,0.8125],"rotation":0,"texture":"#0","tintindex":0}}},{"from":[7.142857,8.571428,2.7619042],"to":[8.857143,9.142858,6.190476],"rotation":{"angle":0.0,"axis":"y","origin":[8.0,10.513028,26.619047]},"faces":{"east":{"uv":[7.5625,6.0625,7.9375,6.125],"rotation":0,"texture":"#0","tintindex":0},"south":{"uv":[6.125,8.0,6.3125,8.0625],"rotation":0,"texture":"#0","tintindex":0},"north":{"uv":[5.4375,6.0625,5.625,6.125],"rotation":0,"texture":"#0","tintindex":0},"west":{"uv":[8.1875,1.8125,8.5625,1.875],"rotation":0,"texture":"#0","tintindex":0},"up":{"uv":[5.4375,4.125,5.25,3.75],"rotation":0,"texture":"#0","tintindex":0},"down":{"uv":[5.4375,4.1875,5.25,4.5625],"rotation":0,"texture":"#0","tintindex":0}}},{"from":[8.0,9.142858,2.7619042],"to":[8.0,10.285714,6.190476],"rotation":{"angle":0.0,"axis":"y","origin":[8.0,10.513028,26.619047]},"faces":{"east":{"uv":[4.4375,8.0625,4.0625,8.1875],"rotation":0,"texture":"#0","tintindex":0},"south":{"uv":[5.375,6.625,5.375,6.75],"rotation":0,"texture":"#0","tintindex":0},"north":{"uv":[6.375,0.875,6.375,1.0],"rotation":0,"texture":"#0","tintindex":0},"west":{"uv":[4.0625,8.0625,4.4375,8.1875],"rotation":0,"texture":"#0","tintindex":0},"up":{"uv":[4.8125,8.6875,4.8125,8.3125],"rotation":0,"texture":"#0","tintindex":0},"down":{"uv":[4.875,8.3125,4.875,8.6875],"rotation":0,"texture":"#0","tintindex":0}}}],"display":{"head":{"translation":[0.0,-6.4,0.0],"scale":[4.0,4.0,4.0]}}}