{"textures":{"0":"modelengine:entity/phantom_ender"},"elements":[{"from":[-6.271429,7.652381,7.804762],"to":[8.014286,8.223809,15.233334],"rotation":{"angle":0.0,"axis":"y","origin":[26.57143,9.036838,27.661905]},"faces":{"east":{"uv":[7.125,0.75,7.9375,0.8125],"rotation":0,"texture":"#0","tintindex":0},"south":{"uv":[8.1875,1.0,9.75,1.0625],"rotation":0,"texture":"#0","tintindex":0},"north":{"uv":[8.1875,0.875,9.75,0.9375],"rotation":0,"texture":"#0","tintindex":0},"west":{"uv":[6.4375,7.625,7.25,7.6875],"rotation":0,"texture":"#0","tintindex":0},"up":{"uv":[6.375,1.9375,4.8125,1.125],"rotation":0,"texture":"#0","tintindex":0},"down":{"uv":[6.375,1.125,4.8125,1.9375],"rotation":0,"texture":"#0","tintindex":0}}},{"from":[-8.557144,8.223809,15.233334],"to":[8.014286,8.223809,24.37619],"rotation":{"angle":0.0,"axis":"y","origin":[26.57143,9.036838,27.661905]},"faces":{"east":{"uv":[7.6875,8.25,8.6875,8.25],"rotation":0,"texture":"#0","tintindex":0},"south":{"uv":[6.0625,8.3125,7.875,8.3125],"rotation":0,"texture":"#0","tintindex":0},"north":{"uv":[8.1875,1.9375,10.0,1.9375],"rotation":0,"texture":"#0","tintindex":0},"west":{"uv":[7.9375,8.3125,8.9375,8.3125],"rotation":0,"texture":"#0","tintindex":0},"up":{"uv":[3.4375,1.0,1.625,0.0],"rotation":0,"texture":"#0","tintindex":0},"down":{"uv":[3.4375,0.0,1.625,1.0],"rotation":0,"texture":"#0","tintindex":0}}},{"from":[-6.5857143,7.3523808,7.5333333],"to":[8.042857,8.495238,8.67619],"rotation":{"angle":0.0,"axis":"y","origin":[26.57143,9.036838,27.661905]},"faces":{"east":{"uv":[2.9375,8.25,3.0625,8.375],"rotation":0,"texture":"#0","tintindex":0},"south":{"uv":[7.5625,4.9375,9.1875,5.0625],"rotation":0,"texture":"#0","tintindex":0},"north":{"uv":[1.75,7.4375,3.375,7.5625],"rotation":0,"texture":"#0","tintindex":0},"west":{"uv":[3.125,8.25,3.25,8.375],"rotation":0,"texture":"#0","tintindex":0},"up":{"uv":[9.1875,5.25,7.5625,5.125],"rotation":0,"texture":"#0","tintindex":0},"down":{"uv":[9.1875,5.3125,7.5625,5.4375],"rotation":0,"texture":"#0","tintindex":0}}}],"display":{"head":{"translation":[0.0,-6.4,0.0],"scale":[4.0,4.0,4.0]}}}