{"textures":{"0":"modelengine:entity/kitsune_demonic"},"elements":[{"from":[7.1142855,7.0,5.5714283],"to":[8.885715,8.142858,8.428572],"rotation":{"angle":0.0,"axis":"y","origin":[4.8642855,17.667923,13.530088]},"faces":{"east":{"uv":[12.125,7.5,11.5,7.75],"rotation":0,"texture":"#0","tintindex":0},"south":{"uv":[5.375,9.625,5.0,9.875],"rotation":0,"texture":"#0","tintindex":0},"north":{"uv":[8.875,1.75,8.5,2.0],"rotation":0,"texture":"#0","tintindex":0},"west":{"uv":[11.5,7.5,12.125,7.75],"rotation":0,"texture":"#0","tintindex":0},"up":{"uv":[10.5,11.875,10.875,11.25],"rotation":0,"texture":"#0","tintindex":0},"down":{"uv":[11.0,11.25,11.375,11.875],"rotation":0,"texture":"#0","tintindex":0}}}],"display":{"head":{"translation":[0.0,-6.4,0.0],"scale":[4.0,4.0,4.0]}}}