{"textures":{"0":"modelengine:entity/phantom_ghost"},"elements":[{"from":[7.142857,6.857143,8.0],"to":[8.857143,9.142858,16.0],"rotation":{"angle":0.0,"axis":"y","origin":[8.0,9.9416,3.2857141]},"faces":{"east":{"uv":[7.1875,6.1875,8.0625,6.4375],"rotation":0,"texture":"#0","tintindex":0},"south":{"uv":[5.4375,5.75,5.625,6.0],"rotation":0,"texture":"#0","tintindex":0},"north":{"uv":[3.0625,4.25,3.25,4.5],"rotation":0,"texture":"#0","tintindex":0},"west":{"uv":[6.4375,7.3125,7.3125,7.5625],"rotation":0,"texture":"#0","tintindex":0},"up":{"uv":[1.5,4.125,1.3125,3.25],"rotation":0,"texture":"#0","tintindex":0},"down":{"uv":[3.625,7.4375,3.4375,8.3125],"rotation":0,"texture":"#0","tintindex":0}}}],"display":{"head":{"translation":[0.0,-6.4,0.0],"scale":[4.0,4.0,4.0]}}}