{"textures":{"0":"modelengine:entity/phoenix_light"},"elements":[{"from":[6.0,8.019206,7.9380555],"to":[10.0,8.019206,17.080914],"rotation":{"angle":0.0,"axis":"y","origin":[-4.690345,3.260623,-0.13136196]},"faces":{"east":{"uv":[7.9375,2.125,8.9375,2.125],"rotation":0,"texture":"#0","tintindex":0},"south":{"uv":[6.1875,2.9375,6.6875,2.9375],"rotation":0,"texture":"#0","tintindex":0},"north":{"uv":[5.875,5.1875,6.375,5.1875],"rotation":0,"texture":"#0","tintindex":0},"west":{"uv":[8.0,1.1875,9.0,1.1875],"rotation":0,"texture":"#0","tintindex":0},"up":{"uv":[4.125,6.4375,3.6875,5.4375],"rotation":0,"texture":"#0","tintindex":0},"down":{"uv":[4.125,5.4375,3.625,6.4375],"rotation":0,"texture":"#0","tintindex":0}}}],"display":{"head":{"translation":[0.0,-6.4,0.0],"scale":[4.0,4.0,4.0]}}}