{
    "parent": "item/generated",
    "textures": {
        "layer0": "item/brick"
    },
	"overrides": [	
		{"predicate": {"custom_model_data":2520}, "model": "rpg_mount_2_model/icon_capybara"},
		{"predicate": {"custom_model_data":2521}, "model": "rpg_mount_2_model/icon_horse_glacial"},
		{"predicate": {"custom_model_data":2522}, "model": "rpg_mount_2_model/icon_horse_magma"},
		{"predicate": {"custom_model_data":2523}, "model": "rpg_mount_2_model/icon_horse_pegasus"},
		{"predicate": {"custom_model_data":2524}, "model": "rpg_mount_2_model/icon_horse_spartan"},
		{"predicate": {"custom_model_data":2525}, "model": "rpg_mount_2_model/icon_horse_unicorn"},
		{"predicate": {"custom_model_data":2526}, "model": "rpg_mount_2_model/icon_kitsune_demonic"},
		{"predicate": {"custom_model_data":2527}, "model": "rpg_mount_2_model/icon_kitsune_inferno"},
		{"predicate": {"custom_model_data":2528}, "model": "rpg_mount_2_model/icon_kitsune_normal"},
		{"predicate": {"custom_model_data":2529}, "model": "rpg_mount_2_model/icon_phantom_ender"},
		{"predicate": {"custom_model_data":2530}, "model": "rpg_mount_2_model/icon_phantom_ghost"},
		{"predicate": {"custom_model_data":2531}, "model": "rpg_mount_2_model/icon_phoenix_darkflame"},
		{"predicate": {"custom_model_data":2532}, "model": "rpg_mount_2_model/icon_phoenix_flame"},
		{"predicate": {"custom_model_data":2533}, "model": "rpg_mount_2_model/icon_phoenix_light"},
		{"predicate": {"custom_model_data":2534}, "model": "rpg_mount_2_model/icon_phoenix_thunder"}
    ]
}