{"textures":{"0":"modelengine:entity/kitsune_inferno"},"elements":[{"from":[5.714286,13.525384,5.3049955],"to":[10.285714,18.096813,10.447853],"rotation":{"angle":-45.0,"axis":"x","origin":[7.4357142,11.260279,14.856813]},"faces":{"east":{"uv":[7.25,5.375,8.375,6.375],"rotation":0,"texture":"#0","tintindex":0},"south":{"uv":[0.0,8.875,1.0,9.875],"rotation":0,"texture":"#0","tintindex":0},"north":{"uv":[8.625,3.75,9.625,4.75],"rotation":0,"texture":"#0","tintindex":0},"west":{"uv":[7.375,3.875,8.5,4.875],"rotation":0,"texture":"#0","tintindex":0},"up":{"uv":[8.375,7.625,7.375,6.5],"rotation":0,"texture":"#0","tintindex":0},"down":{"uv":[8.375,7.625,7.375,6.5],"rotation":0,"texture":"#0","tintindex":0}}},{"from":[4.0,4.6029296,4.894578],"to":[12.0,10.317216,4.894578],"rotation":{"angle":22.5,"axis":"x","origin":[8.0,7.4600725,4.894578]},"faces":{"east":{"uv":[1.875,11.625,1.875,12.875],"rotation":0,"texture":"#0","tintindex":0},"south":{"uv":[3.375,0.0,1.625,1.25],"rotation":0,"texture":"#0","tintindex":0},"north":{"uv":[1.625,0.0,3.375,1.25],"rotation":0,"texture":"#0","tintindex":0},"west":{"uv":[2.0,11.625,2.0,12.875],"rotation":0,"texture":"#0","tintindex":0},"up":{"uv":[13.375,1.0,11.625,1.0],"rotation":0,"texture":"#0","tintindex":0},"down":{"uv":[13.375,1.125,11.625,1.125],"rotation":0,"texture":"#0","tintindex":0}}}],"display":{"head":{"translation":[0.0,-6.4,0.0],"scale":[4.0,4.0,4.0]}}}