{"textures":{"0":"modelengine:entity/horse_unicorn"},"elements":[{"from":[6.857143,2.5714283,6.857143],"to":[9.142858,8.285714,9.142858],"rotation":{"angle":0.0,"axis":"y","origin":[10.857143,13.458963,0.8573494]},"faces":{"east":{"uv":[8.375,10.875,8.875,12.125],"rotation":0,"texture":"#0","tintindex":0},"south":{"uv":[9.0,10.875,9.5,12.125],"rotation":0,"texture":"#0","tintindex":0},"north":{"uv":[6.5,10.875,7.0,12.125],"rotation":0,"texture":"#0","tintindex":0},"west":{"uv":[10.875,10.75,11.375,12.0],"rotation":0,"texture":"#0","tintindex":0},"up":{"uv":[12.75,13.375,12.25,12.875],"rotation":0,"texture":"#0","tintindex":0},"down":{"uv":[13.375,12.875,12.875,13.375],"rotation":0,"texture":"#0","tintindex":0}}},{"from":[6.285714,1.4285712,6.285714],"to":[9.714286,2.5714283,9.714286],"rotation":{"angle":0.0,"axis":"y","origin":[10.857143,13.458963,0.8573494]},"faces":{"east":{"uv":[13.25,9.125,14.0,9.375],"rotation":0,"texture":"#0","tintindex":0},"south":{"uv":[13.375,0.0,14.125,0.25],"rotation":0,"texture":"#0","tintindex":0},"north":{"uv":[13.25,8.75,14.0,9.0],"rotation":0,"texture":"#0","tintindex":0},"west":{"uv":[13.375,0.375,14.125,0.625],"rotation":0,"texture":"#0","tintindex":0},"up":{"uv":[12.5,0.75,11.75,0.0],"rotation":0,"texture":"#0","tintindex":0},"down":{"uv":[12.5,4.5,11.75,5.25],"rotation":0,"texture":"#0","tintindex":0}}}],"display":{"head":{"translation":[0.0,-6.4,0.0],"scale":[4.0,4.0,4.0]}}}