{"textures":{"0":"modelengine:entity/horse_unicorn"},"elements":[{"from":[6.616667,4.6370206,4.8080893],"to":[10.0452385,10.922735,9.950946],"rotation":{"angle":22.5,"axis":"x","origin":[11.188095,7.322174,1.8259983]},"faces":{"east":{"uv":[2.875,6.625,4.0,8.0],"rotation":0,"texture":"#0","tintindex":0},"south":{"uv":[9.375,4.625,10.125,6.0],"rotation":0,"texture":"#0","tintindex":0},"north":{"uv":[1.75,9.125,2.5,10.5],"rotation":0,"texture":"#0","tintindex":0},"west":{"uv":[4.125,6.625,5.25,8.0],"rotation":0,"texture":"#0","tintindex":0},"up":{"uv":[9.125,10.75,8.375,9.625],"rotation":0,"texture":"#0","tintindex":0},"down":{"uv":[10.0,9.625,9.25,10.75],"rotation":0,"texture":"#0","tintindex":0}}}],"display":{"head":{"translation":[0.0,-6.4,0.0],"scale":[4.0,4.0,4.0]}}}