{"textures":{"0":"modelengine:entity/horse_unicorn"},"elements":[{"from":[6.428571,2.2857141,6.928571],"to":[8.714286,8.0,9.214286],"rotation":{"angle":0.0,"axis":"y","origin":[4.714286,13.173248,12.357349]},"faces":{"east":{"uv":[7.125,11.0,7.625,12.25],"rotation":0,"texture":"#0","tintindex":0},"south":{"uv":[7.75,11.0,8.25,12.25],"rotation":0,"texture":"#0","tintindex":0},"north":{"uv":[5.5,11.0,6.0,12.25],"rotation":0,"texture":"#0","tintindex":0},"west":{"uv":[11.0,8.375,11.5,9.625],"rotation":0,"texture":"#0","tintindex":0},"up":{"uv":[13.5,2.75,13.0,2.25],"rotation":0,"texture":"#0","tintindex":0},"down":{"uv":[3.125,13.0,2.625,13.5],"rotation":0,"texture":"#0","tintindex":0}}},{"from":[5.8571424,1.1428566,6.357143],"to":[9.285714,2.2857141,9.785714],"rotation":{"angle":0.0,"axis":"y","origin":[4.714286,13.173248,12.357349]},"faces":{"east":{"uv":[13.375,1.125,14.125,1.375],"rotation":0,"texture":"#0","tintindex":0},"south":{"uv":[13.375,1.5,14.125,1.75],"rotation":0,"texture":"#0","tintindex":0},"north":{"uv":[13.375,0.75,14.125,1.0],"rotation":0,"texture":"#0","tintindex":0},"west":{"uv":[13.375,2.875,14.125,3.125],"rotation":0,"texture":"#0","tintindex":0},"up":{"uv":[10.375,12.625,9.625,11.875],"rotation":0,"texture":"#0","tintindex":0},"down":{"uv":[2.375,12.0,1.625,12.75],"rotation":0,"texture":"#0","tintindex":0}}}],"display":{"head":{"translation":[0.0,-6.4,0.0],"scale":[4.0,4.0,4.0]}}}