{"textures":{"0":"modelengine:entity/horse_unicorn"},"elements":[{"from":[5.9547615,4.6370206,4.8080893],"to":[9.383333,10.922735,9.950946],"rotation":{"angle":22.5,"axis":"x","origin":[4.8119044,7.322174,1.8259983]},"faces":{"east":{"uv":[5.375,6.625,6.5,8.0],"rotation":0,"texture":"#0","tintindex":0},"south":{"uv":[7.5,9.5,8.25,10.875],"rotation":0,"texture":"#0","tintindex":0},"north":{"uv":[9.375,6.125,10.125,7.5],"rotation":0,"texture":"#0","tintindex":0},"west":{"uv":[6.625,6.625,7.75,8.0],"rotation":0,"texture":"#0","tintindex":0},"up":{"uv":[5.5,10.875,4.75,9.75],"rotation":0,"texture":"#0","tintindex":0},"down":{"uv":[6.375,9.75,5.625,10.875],"rotation":0,"texture":"#0","tintindex":0}}}],"display":{"head":{"translation":[0.0,-6.4,0.0],"scale":[4.0,4.0,4.0]}}}