{"textures":{"0":"modelengine:entity/horse_unicorn"},"elements":[{"from":[5.942857,1.6571422,6.1714287],"to":[9.3714285,8.514286,9.6],"rotation":{"angle":0.0,"axis":"y","origin":[4.8,6.830391,12.171636]},"faces":{"east":{"uv":[8.75,3.0,9.5,4.5],"rotation":0,"texture":"#0","tintindex":0},"south":{"uv":[9.0,0.0,9.75,1.5],"rotation":0,"texture":"#0","tintindex":0},"north":{"uv":[0.875,8.625,1.625,10.125],"rotation":0,"texture":"#0","tintindex":0},"west":{"uv":[9.0,8.0,9.75,9.5],"rotation":0,"texture":"#0","tintindex":0},"up":{"uv":[12.625,1.625,11.875,0.875],"rotation":0,"texture":"#0","tintindex":0},"down":{"uv":[12.625,3.0,11.875,3.75],"rotation":0,"texture":"#0","tintindex":0}}}],"display":{"head":{"translation":[0.0,-6.4,0.0],"scale":[4.0,4.0,4.0]}}}